"No.","Time","Source","Destination","Protocol","Length","Info"
"5","0.043220","206.127.152.131","192.168.0.10","TCP","61","15152  >  49209 [PSH, ACK] Seq=1 Ack=123 Win=31816 Len=7"
"10","0.026493","206.127.152.131","192.168.0.10","TCP","242","15152  >  49209 [PSH, ACK] Seq=8 Ack=166 Win=31773 Len=188"
"12","0.024238","206.127.152.131","192.168.0.10","TCP","242","15152  >  49209 [PSH, ACK] Seq=196 Ack=177 Win=31762 Len=188"
"14","0.022986","206.127.152.131","192.168.0.10","TCP","234","15152  >  49209 [PSH, ACK] Seq=384 Ack=180 Win=31759 Len=180"
"15","0.007445","206.127.152.131","192.168.0.10","TCP","654","15152  >  49209 [PSH, ACK] Seq=564 Ack=180 Win=31759 Len=600"
"19","0.687146","206.127.152.131","192.168.0.10","TCP","65","15152  >  49209 [PSH, ACK] Seq=1164 Ack=187 Win=31752 Len=11"
"20","0.000954","206.127.152.131","192.168.0.10","TCP","69","15152  >  49209 [PSH, ACK] Seq=1175 Ack=187 Win=31752 Len=15"
"22","1.007463","206.127.152.131","192.168.0.10","TCP","65","15152  >  49209 [PSH, ACK] Seq=1190 Ack=187 Win=31752 Len=11"
"23","0.000904","206.127.152.131","192.168.0.10","TCP","69","15152  >  49209 [PSH, ACK] Seq=1201 Ack=187 Win=31752 Len=15"
"25","1.006599","206.127.152.131","192.168.0.10","TCP","65","15152  >  49209 [PSH, ACK] Seq=1216 Ack=187 Win=31752 Len=11"
"26","0.000824","206.127.152.131","192.168.0.10","TCP","69","15152  >  49209 [PSH, ACK] Seq=1227 Ack=187 Win=31752 Len=15"
"28","0.999195","206.127.152.131","192.168.0.10","TCP","65","15152  >  49209 [PSH, ACK] Seq=1242 Ack=187 Win=31752 Len=11"
"29","0.000857","206.127.152.131","192.168.0.10","TCP","69","15152  >  49209 [PSH, ACK] Seq=1253 Ack=187 Win=31752 Len=15"
"31","0.999174","206.127.152.131","192.168.0.10","TCP","65","15152  >  49209 [PSH, ACK] Seq=1268 Ack=187 Win=31752 Len=11"
"32","0.000858","206.127.152.131","192.168.0.10","TCP","69","15152  >  49209 [PSH, ACK] Seq=1279 Ack=187 Win=31752 Len=15"
"35","0.000819","206.127.152.131","192.168.0.10","TCP","69","15152  >  49209 [PSH, ACK] Seq=1305 Ack=187 Win=31752 Len=15"
"38","0.000929","206.127.152.131","192.168.0.10","TCP","69","15152  >  49209 [PSH, ACK] Seq=1331 Ack=187 Win=31752 Len=15"
"40","0.998927","206.127.152.131","192.168.0.10","TCP","65","15152  >  49209 [PSH, ACK] Seq=1346 Ack=187 Win=31752 Len=11"
"41","0.000795","206.127.152.131","192.168.0.10","TCP","69","15152  >  49209 [PSH, ACK] Seq=1357 Ack=187 Win=31752 Len=15"
"48","0.003421","206.127.152.131","192.168.0.10","TCP","65","15152  >  49209 [PSH, ACK] Seq=1372 Ack=194 Win=31745 Len=11"
"49","0.005417","206.127.152.131","192.168.0.10","TCP","65","15152  >  49209 [PSH, ACK] Seq=1383 Ack=201 Win=31738 Len=11"
"51","0.012508","206.127.152.131","192.168.0.10","TCP","221","15152  >  49209 [PSH, ACK] Seq=1394 Ack=208 Win=31731 Len=167"
"52","0.004446","206.127.152.131","192.168.0.10","TCP","378","15152  >  49209 [PSH, ACK] Seq=1561 Ack=208 Win=31731 Len=324"
"54","0.000858","206.127.152.131","192.168.0.10","TCP","69","15152  >  49209 [PSH, ACK] Seq=1885 Ack=215 Win=31724 Len=15"
"55","0.016455","206.127.152.131","192.168.0.10","TCP","1506","15152  >  49209 [ACK] Seq=1900 Ack=215 Win=31724 Len=1452"
"57","0.003242","206.127.152.131","192.168.0.10","TCP","327","[TCP Previous segment not captured] 15152  >  49209 [PSH, ACK] Seq=6256 Ack=215 Win=31724 Len=273"
"62","0.000849","206.127.152.131","192.168.0.10","TCP","65","15152  >  49209 [PSH, ACK] Seq=6529 Ack=222 Win=31717 Len=11"
"87","0.001466","206.127.152.131","192.168.0.10","TCP","96","15152  >  49209 [PSH, ACK] Seq=6540 Ack=385 Win=31554 Len=42"
"89","0.553556","206.127.152.131","192.168.0.10","TCP","65","15152  >  49209 [PSH, ACK] Seq=6582 Ack=385 Win=31554 Len=11"
"90","0.000857","206.127.152.131","192.168.0.10","TCP","69","15152  >  49209 [PSH, ACK] Seq=6593 Ack=385 Win=31554 Len=15"
"95","0.024467","206.127.152.131","192.168.0.10","TCP","96","15152  >  49209 [PSH, ACK] Seq=6608 Ack=422 Win=31517 Len=42"
"97","0.603031","206.127.152.131","192.168.0.10","TCP","65","15152  >  49209 [PSH, ACK] Seq=6650 Ack=422 Win=31517 Len=11"
"98","0.000865","206.127.152.131","192.168.0.10","TCP","69","15152  >  49209 [PSH, ACK] Seq=6661 Ack=422 Win=31517 Len=15"
"103","0.000945","206.127.152.131","192.168.0.10","TCP","65","15152  >  49209 [PSH, ACK] Seq=6676 Ack=440 Win=31499 Len=11"
"104","0.009673","206.127.152.131","192.168.0.10","TCP","73","15152  >  49209 [PSH, ACK] Seq=6687 Ack=440 Win=31499 Len=19"
"107","0.026361","206.127.152.131","192.168.0.10","TCP","96","15152  >  49209 [PSH, ACK] Seq=6706 Ack=466 Win=31473 Len=42"
"110","0.001349","206.127.152.131","192.168.0.10","TCP","69","15152  >  49209 [PSH, ACK] Seq=6759 Ack=466 Win=31473 Len=15"
"115","0.001433","206.127.152.131","192.168.0.10","TCP","96","15152  >  49209 [PSH, ACK] Seq=6774 Ack=503 Win=31436 Len=42"
"117","0.582122","206.127.152.131","192.168.0.10","TCP","65","15152  >  49209 [PSH, ACK] Seq=6816 Ack=503 Win=31436 Len=11"
"118","0.000853","206.127.152.131","192.168.0.10","TCP","69","15152  >  49209 [PSH, ACK] Seq=6827 Ack=503 Win=31436 Len=15"
"123","0.001422","206.127.152.131","192.168.0.10","TCP","96","15152  >  49209 [PSH, ACK] Seq=6842 Ack=540 Win=31399 Len=42"
"125","0.593439","206.127.152.131","192.168.0.10","TCP","65","15152  >  49209 [PSH, ACK] Seq=6884 Ack=540 Win=31399 Len=11"
"126","0.001090","206.127.152.131","192.168.0.10","TCP","69","15152  >  49209 [PSH, ACK] Seq=6895 Ack=540 Win=31399 Len=15"
"131","0.022156","206.127.152.131","192.168.0.10","TCP","96","15152  >  49209 [PSH, ACK] Seq=6910 Ack=577 Win=31362 Len=42"
"133","0.583405","206.127.152.131","192.168.0.10","TCP","65","15152  >  49209 [PSH, ACK] Seq=6952 Ack=577 Win=31362 Len=11"
"134","0.000886","206.127.152.131","192.168.0.10","TCP","69","15152  >  49209 [PSH, ACK] Seq=6963 Ack=577 Win=31362 Len=15"
"139","0.025417","206.127.152.131","192.168.0.10","TCP","96","15152  >  49209 [PSH, ACK] Seq=6978 Ack=614 Win=31325 Len=42"
"141","0.573306","206.127.152.131","192.168.0.10","TCP","65","15152  >  49209 [PSH, ACK] Seq=7020 Ack=614 Win=31325 Len=11"
"142","0.000382","206.127.152.131","192.168.0.10","TCP","69","15152  >  49209 [PSH, ACK] Seq=7031 Ack=614 Win=31325 Len=15"
"147","0.025971","206.127.152.131","192.168.0.10","TCP","96","15152  >  49209 [PSH, ACK] Seq=7046 Ack=651 Win=32742 Len=42"
"150","0.000869","206.127.152.131","192.168.0.10","TCP","69","15152  >  49209 [PSH, ACK] Seq=7099 Ack=651 Win=32742 Len=15"
"155","0.025105","206.127.152.131","192.168.0.10","TCP","96","15152  >  49209 [PSH, ACK] Seq=7114 Ack=688 Win=32705 Len=42"
"159","0.000552","206.127.152.131","192.168.0.10","TCP","65","15152  >  49209 [PSH, ACK] Seq=7156 Ack=688 Win=32705 Len=11"
"160","0.000813","206.127.152.131","192.168.0.10","TCP","69","15152  >  49209 [PSH, ACK] Seq=7167 Ack=688 Win=32705 Len=15"
"165","0.026678","206.127.152.131","192.168.0.10","TCP","96","15152  >  49209 [PSH, ACK] Seq=7182 Ack=725 Win=32668 Len=42"
"167","0.553559","206.127.152.131","192.168.0.10","TCP","65","15152  >  49209 [PSH, ACK] Seq=7224 Ack=725 Win=32668 Len=11"
"168","0.000851","206.127.152.131","192.168.0.10","TCP","69","15152  >  49209 [PSH, ACK] Seq=7235 Ack=725 Win=32668 Len=15"
"173","0.024708","206.127.152.131","192.168.0.10","TCP","96","15152  >  49209 [PSH, ACK] Seq=7250 Ack=762 Win=32631 Len=42"
"175","0.543299","206.127.152.131","192.168.0.10","TCP","65","15152  >  49209 [PSH, ACK] Seq=7292 Ack=762 Win=32631 Len=11"
"176","0.000854","206.127.152.131","192.168.0.10","TCP","69","15152  >  49209 [PSH, ACK] Seq=7303 Ack=762 Win=32631 Len=15"
"181","0.024412","206.127.152.131","192.168.0.10","TCP","96","15152  >  49209 [PSH, ACK] Seq=7318 Ack=799 Win=32594 Len=42"
"183","0.521671","206.127.152.131","192.168.0.10","TCP","65","15152  >  49209 [PSH, ACK] Seq=7360 Ack=799 Win=32594 Len=11"
"184","0.000875","206.127.152.131","192.168.0.10","TCP","69","15152  >  49209 [PSH, ACK] Seq=7371 Ack=799 Win=32594 Len=15"
"189","0.026136","206.127.152.131","192.168.0.10","TCP","96","15152  >  49209 [PSH, ACK] Seq=7386 Ack=836 Win=32557 Len=42"
"191","0.512916","206.127.152.131","192.168.0.10","TCP","65","15152  >  49209 [PSH, ACK] Seq=7428 Ack=836 Win=32557 Len=11"
"192","0.000821","206.127.152.131","192.168.0.10","TCP","69","15152  >  49209 [PSH, ACK] Seq=7439 Ack=836 Win=32557 Len=15"
"197","0.023656","206.127.152.131","192.168.0.10","TCP","96","15152  >  49209 [PSH, ACK] Seq=7454 Ack=873 Win=32520 Len=42"
"199","0.502691","206.127.152.131","192.168.0.10","TCP","65","15152  >  49209 [PSH, ACK] Seq=7496 Ack=873 Win=32520 Len=11"
"200","0.000817","206.127.152.131","192.168.0.10","TCP","69","15152  >  49209 [PSH, ACK] Seq=7507 Ack=873 Win=32520 Len=15"
"205","0.025930","206.127.152.131","192.168.0.10","TCP","96","15152  >  49209 [PSH, ACK] Seq=7522 Ack=910 Win=32483 Len=42"
"207","0.472832","206.127.152.131","192.168.0.10","TCP","65","15152  >  49209 [PSH, ACK] Seq=7564 Ack=910 Win=32483 Len=11"
"208","0.000839","206.127.152.131","192.168.0.10","TCP","69","15152  >  49209 [PSH, ACK] Seq=7575 Ack=910 Win=32483 Len=15"
"213","0.024627","206.127.152.131","192.168.0.10","TCP","96","15152  >  49209 [PSH, ACK] Seq=7590 Ack=947 Win=32446 Len=42"
"215","0.452846","206.127.152.131","192.168.0.10","TCP","65","15152  >  49209 [PSH, ACK] Seq=7632 Ack=947 Win=32446 Len=11"
"216","0.000943","206.127.152.131","192.168.0.10","TCP","69","15152  >  49209 [PSH, ACK] Seq=7643 Ack=947 Win=32446 Len=15"
"221","0.024682","206.127.152.131","192.168.0.10","TCP","96","15152  >  49209 [PSH, ACK] Seq=7658 Ack=984 Win=32409 Len=42"
"223","0.441473","206.127.152.131","192.168.0.10","TCP","65","15152  >  49209 [PSH, ACK] Seq=7700 Ack=984 Win=32409 Len=11"
"224","0.000845","206.127.152.131","192.168.0.10","TCP","69","15152  >  49209 [PSH, ACK] Seq=7711 Ack=984 Win=32409 Len=15"
"229","0.025263","206.127.152.131","192.168.0.10","TCP","96","15152  >  49209 [PSH, ACK] Seq=7726 Ack=1021 Win=32372 Len=42"
"231","0.432769","206.127.152.131","192.168.0.10","TCP","65","15152  >  49209 [PSH, ACK] Seq=7768 Ack=1021 Win=32372 Len=11"
"232","0.000849","206.127.152.131","192.168.0.10","TCP","69","15152  >  49209 [PSH, ACK] Seq=7779 Ack=1021 Win=32372 Len=15"
"237","0.025196","206.127.152.131","192.168.0.10","TCP","96","15152  >  49209 [PSH, ACK] Seq=7794 Ack=1058 Win=32335 Len=42"
"239","0.432769","206.127.152.131","192.168.0.10","TCP","65","15152  >  49209 [PSH, ACK] Seq=7836 Ack=1058 Win=32335 Len=11"
"240","0.000878","206.127.152.131","192.168.0.10","TCP","69","15152  >  49209 [PSH, ACK] Seq=7847 Ack=1058 Win=32335 Len=15"
"245","0.023882","206.127.152.131","192.168.0.10","TCP","96","15152  >  49209 [PSH, ACK] Seq=7862 Ack=1095 Win=32298 Len=42"
"247","0.432888","206.127.152.131","192.168.0.10","TCP","65","15152  >  49209 [PSH, ACK] Seq=7904 Ack=1095 Win=32298 Len=11"
"248","0.000836","206.127.152.131","192.168.0.10","TCP","69","15152  >  49209 [PSH, ACK] Seq=7915 Ack=1095 Win=32298 Len=15"
"253","0.023594","206.127.152.131","192.168.0.10","TCP","96","15152  >  49209 [PSH, ACK] Seq=7930 Ack=1132 Win=32261 Len=42"
"255","0.422766","206.127.152.131","192.168.0.10","TCP","65","15152  >  49209 [PSH, ACK] Seq=7972 Ack=1132 Win=32261 Len=11"
"256","0.000887","206.127.152.131","192.168.0.10","TCP","69","15152  >  49209 [PSH, ACK] Seq=7983 Ack=1132 Win=32261 Len=15"
"261","0.023797","206.127.152.131","192.168.0.10","TCP","96","15152  >  49209 [PSH, ACK] Seq=7998 Ack=1169 Win=32224 Len=42"
"263","0.391725","206.127.152.131","192.168.0.10","TCP","65","15152  >  49209 [PSH, ACK] Seq=8040 Ack=1169 Win=32224 Len=11"
"266","0.001056","206.127.152.131","192.168.0.10","TCP","69","15152  >  49209 [PSH, ACK] Seq=8062 Ack=1169 Win=32224 Len=15"
"273","0.025091","206.127.152.131","192.168.0.10","TCP","96","15152  >  49209 [PSH, ACK] Seq=8088 Ack=1213 Win=32180 Len=42"
"275","0.393136","206.127.152.131","192.168.0.10","TCP","65","15152  >  49209 [PSH, ACK] Seq=8130 Ack=1213 Win=32180 Len=11"
"276","0.000870","206.127.152.131","192.168.0.10","TCP","69","15152  >  49209 [PSH, ACK] Seq=8141 Ack=1213 Win=32180 Len=15"
"281","0.024488","206.127.152.131","192.168.0.10","TCP","96","15152  >  49209 [PSH, ACK] Seq=8156 Ack=1250 Win=32143 Len=42"
"284","0.025981","206.127.152.131","192.168.0.10","TCP","182","15152  >  49209 [PSH, ACK] Seq=8198 Ack=1281 Win=32112 Len=128"
"286","0.222655","206.127.152.131","192.168.0.10","TCP","65","15152  >  49209 [PSH, ACK] Seq=8326 Ack=1281 Win=32112 Len=11"
"287","0.000824","206.127.152.131","192.168.0.10","TCP","69","15152  >  49209 [PSH, ACK] Seq=8337 Ack=1281 Win=32112 Len=15"
"292","0.025122","206.127.152.131","192.168.0.10","TCP","96","15152  >  49209 [PSH, ACK] Seq=8352 Ack=1318 Win=32075 Len=42"
"294","0.025624","206.127.152.131","192.168.0.10","TCP","96","15152  >  49209 [PSH, ACK] Seq=8394 Ack=1344 Win=32049 Len=42"
"296","0.025654","206.127.152.131","192.168.0.10","TCP","96","15152  >  49209 [PSH, ACK] Seq=8436 Ack=1370 Win=32023 Len=42"
"298","0.025942","206.127.152.131","192.168.0.10","TCP","96","15152  >  49209 [PSH, ACK] Seq=8478 Ack=1396 Win=31997 Len=42"
"300","0.024707","206.127.152.131","192.168.0.10","TCP","96","15152  >  49209 [PSH, ACK] Seq=8520 Ack=1422 Win=31971 Len=42"
"301","0.170111","206.127.152.131","192.168.0.10","TCP","65","15152  >  49209 [PSH, ACK] Seq=8562 Ack=1422 Win=31971 Len=11"
"303","0.000819","206.127.152.131","192.168.0.10","TCP","69","15152  >  49209 [PSH, ACK] Seq=8573 Ack=1422 Win=31971 Len=15"
"308","0.004432","206.127.152.131","192.168.0.10","TCP","96","15152  >  49209 [PSH, ACK] Seq=8588 Ack=1459 Win=31934 Len=42"
"309","0.020909","206.127.152.131","192.168.0.10","TCP","69","15152  >  49209 [PSH, ACK] Seq=8630 Ack=1490 Win=31903 Len=15"
"311","0.180294","206.127.152.131","192.168.0.10","TCP","85","15152  >  49209 [PSH, ACK] Seq=8645 Ack=1490 Win=31903 Len=31"
"312","0.000703","206.127.152.131","192.168.0.10","TCP","104","15152  >  49209 [PSH, ACK] Seq=8676 Ack=1490 Win=31903 Len=50"
"315","0.024687","206.127.152.131","192.168.0.10","TCP","96","15152  >  49209 [PSH, ACK] Seq=8726 Ack=1516 Win=31877 Len=42"
"316","0.036019","206.127.152.131","192.168.0.10","TCP","65","15152  >  49209 [PSH, ACK] Seq=8768 Ack=1516 Win=31877 Len=11"
"318","0.000824","206.127.152.131","192.168.0.10","TCP","69","15152  >  49209 [PSH, ACK] Seq=8779 Ack=1516 Win=31877 Len=15"
"320","0.060868","206.127.152.131","192.168.0.10","TCP","104","15152  >  49209 [PSH, ACK] Seq=8794 Ack=1527 Win=31866 Len=50"
"323","0.008635","206.127.152.131","192.168.0.10","TCP","96","15152  >  49209 [PSH, ACK] Seq=8844 Ack=1553 Win=31840 Len=42"
"324","0.015968","206.127.152.131","192.168.0.10","TCP","96","15152  >  49209 [PSH, ACK] Seq=8886 Ack=1579 Win=31814 Len=42"
"326","0.055372","206.127.152.131","192.168.0.10","TCP","104","15152  >  49209 [PSH, ACK] Seq=8928 Ack=1579 Win=31814 Len=50"
"327","0.001674","206.127.152.131","192.168.0.10","TCP","85","15152  >  49209 [PSH, ACK] Seq=8978 Ack=1579 Win=31814 Len=31"
"329","0.001574","206.127.152.131","192.168.0.10","TCP","104","15152  >  49209 [PSH, ACK] Seq=9009 Ack=1579 Win=31814 Len=50"
"331","0.024286","206.127.152.131","192.168.0.10","TCP","69","15152  >  49209 [PSH, ACK] Seq=9059 Ack=1610 Win=31783 Len=15"
"332","0.017480","206.127.152.131","192.168.0.10","TCP","104","15152  >  49209 [PSH, ACK] Seq=9074 Ack=1610 Win=31783 Len=50"
"334","0.001365","206.127.152.131","192.168.0.10","TCP","104","15152  >  49209 [PSH, ACK] Seq=9124 Ack=1610 Win=31783 Len=50"
"336","0.025736","206.127.152.131","192.168.0.10","TCP","96","15152  >  49209 [PSH, ACK] Seq=9174 Ack=1636 Win=31757 Len=42"
"337","0.148286","206.127.152.131","192.168.0.10","TCP","104","15152  >  49209 [PSH, ACK] Seq=9216 Ack=1636 Win=31757 Len=50"
"339","0.001319","206.127.152.131","192.168.0.10","TCP","104","15152  >  49209 [PSH, ACK] Seq=9266 Ack=1636 Win=31757 Len=50"
"341","0.025469","206.127.152.131","192.168.0.10","TCP","96","15152  >  49209 [PSH, ACK] Seq=9316 Ack=1662 Win=31731 Len=42"
"342","0.044795","206.127.152.131","192.168.0.10","TCP","104","15152  >  49209 [PSH, ACK] Seq=9358 Ack=1662 Win=31731 Len=50"
"344","0.000825","206.127.152.131","192.168.0.10","TCP","104","15152  >  49209 [PSH, ACK] Seq=9408 Ack=1662 Win=31731 Len=50"
"346","0.024270","206.127.152.131","192.168.0.10","TCP","96","15152  >  49209 [PSH, ACK] Seq=9458 Ack=1688 Win=31705 Len=42"
"348","0.019417","206.127.152.131","192.168.0.10","TCP","65","15152  >  49209 [PSH, ACK] Seq=9500 Ack=1688 Win=31705 Len=11"
"349","0.000856","206.127.152.131","192.168.0.10","TCP","69","15152  >  49209 [PSH, ACK] Seq=9511 Ack=1688 Win=31705 Len=15"
"351","0.004930","206.127.152.131","192.168.0.10","TCP","96","15152  >  49209 [PSH, ACK] Seq=9526 Ack=1714 Win=31679 Len=42"
"353","0.059710","206.127.152.131","192.168.0.10","TCP","104","15152  >  49209 [PSH, ACK] Seq=9568 Ack=1725 Win=31668 Len=50"
"354","0.001407","206.127.152.131","192.168.0.10","TCP","104","15152  >  49209 [PSH, ACK] Seq=9618 Ack=1725 Win=31668 Len=50"
"357","0.023880","206.127.152.131","192.168.0.10","TCP","96","15152  >  49209 [PSH, ACK] Seq=9668 Ack=1751 Win=31642 Len=42"
"358","0.053456","206.127.152.131","192.168.0.10","TCP","104","15152  >  49209 [PSH, ACK] Seq=9710 Ack=1751 Win=31642 Len=50"
"360","0.001354","206.127.152.131","192.168.0.10","TCP","104","15152  >  49209 [PSH, ACK] Seq=9760 Ack=1751 Win=31642 Len=50"
"362","0.024336","206.127.152.131","192.168.0.10","TCP","93","15152  >  49209 [PSH, ACK] Seq=9810 Ack=1782 Win=31611 Len=39"
"364","0.023870","206.127.152.131","192.168.0.10","TCP","96","15152  >  49209 [PSH, ACK] Seq=9849 Ack=1808 Win=31585 Len=42"
"366","0.011917","206.127.152.131","192.168.0.10","TCP","77","15152  >  49209 [PSH, ACK] Seq=9891 Ack=1808 Win=31585 Len=23"
"367","0.000938","206.127.152.131","192.168.0.10","TCP","104","15152  >  49209 [PSH, ACK] Seq=9914 Ack=1808 Win=31585 Len=50"
"369","0.014031","206.127.152.131","192.168.0.10","TCP","182","15152  >  49209 [PSH, ACK] Seq=9964 Ack=1839 Win=31554 Len=128"
"370","0.002423","206.127.152.131","192.168.0.10","TCP","167","15152  >  49209 [PSH, ACK] Seq=10092 Ack=1839 Win=31554 Len=113"
"373","0.169630","206.127.152.131","192.168.0.10","TCP","77","15152  >  49209 [PSH, ACK] Seq=10205 Ack=1865 Win=31528 Len=23"
"375","0.003593","206.127.152.131","192.168.0.10","TCP","77","15152  >  49209 [PSH, ACK] Seq=10228 Ack=1865 Win=31528 Len=23"
"376","0.108984","206.127.152.131","192.168.0.10","TCP","65","15152  >  49209 [PSH, ACK] Seq=10251 Ack=1865 Win=31528 Len=11"
"378","0.000823","206.127.152.131","192.168.0.10","TCP","69","15152  >  49209 [PSH, ACK] Seq=10262 Ack=1865 Win=31528 Len=15"
"380","0.083545","206.127.152.131","192.168.0.10","TCP","77","15152  >  49209 [PSH, ACK] Seq=10277 Ack=1876 Win=31517 Len=23"
"382","0.010099","206.127.152.131","192.168.0.10","TCP","77","15152  >  49209 [PSH, ACK] Seq=10300 Ack=1876 Win=31517 Len=23"
"384","0.024542","206.127.152.131","192.168.0.10","TCP","96","15152  >  49209 [PSH, ACK] Seq=10323 Ack=1902 Win=31491 Len=42"
"386","0.025766","206.127.152.131","192.168.0.10","TCP","96","15152  >  49209 [PSH, ACK] Seq=10365 Ack=1928 Win=31465 Len=42"
"388","0.023489","206.127.152.131","192.168.0.10","TCP","96","15152  >  49209 [PSH, ACK] Seq=10407 Ack=1954 Win=31439 Len=42"
"389","0.034484","206.127.152.131","192.168.0.10","TCP","77","15152  >  49209 [PSH, ACK] Seq=10449 Ack=1954 Win=31439 Len=23"
"392","0.025382","206.127.152.131","192.168.0.10","TCP","96","15152  >  49209 [PSH, ACK] Seq=10472 Ack=1980 Win=31413 Len=42"
"393","0.076612","206.127.152.131","192.168.0.10","TCP","77","15152  >  49209 [PSH, ACK] Seq=10514 Ack=1980 Win=31413 Len=23"
"396","0.024572","206.127.152.131","192.168.0.10","TCP","96","15152  >  49209 [PSH, ACK] Seq=10537 Ack=2006 Win=31387 Len=42"
"397","0.005678","206.127.152.131","192.168.0.10","TCP","77","15152  >  49209 [PSH, ACK] Seq=10579 Ack=2006 Win=31387 Len=23"
"399","0.093345","206.127.152.131","192.168.0.10","TCP","65","15152  >  49209 [PSH, ACK] Seq=10602 Ack=2006 Win=31387 Len=11"
"400","0.000880","206.127.152.131","192.168.0.10","TCP","69","15152  >  49209 [PSH, ACK] Seq=10613 Ack=2006 Win=31387 Len=15"
"405","0.024140","206.127.152.131","192.168.0.10","TCP","96","15152  >  49209 [PSH, ACK] Seq=10628 Ack=2043 Win=31350 Len=42"
"406","0.092151","206.127.152.131","192.168.0.10","TCP","93","15152  >  49209 [PSH, ACK] Seq=10670 Ack=2043 Win=31350 Len=39"
"408","0.000870","206.127.152.131","192.168.0.10","TCP","104","15152  >  49209 [PSH, ACK] Seq=10709 Ack=2043 Win=31350 Len=50"
"410","0.023764","206.127.152.131","192.168.0.10","TCP","96","15152  >  49209 [PSH, ACK] Seq=10759 Ack=2069 Win=31324 Len=42"
"412","0.025748","206.127.152.131","192.168.0.10","TCP","96","15152  >  49209 [PSH, ACK] Seq=10801 Ack=2095 Win=32768 Len=42"
"415","0.004896","206.127.152.131","192.168.0.10","TCP","96","15152  >  49209 [PSH, ACK] Seq=10843 Ack=2121 Win=32742 Len=42"
"416","0.017946","206.127.152.131","192.168.0.10","TCP","69","15152  >  49209 [PSH, ACK] Seq=10885 Ack=2152 Win=32711 Len=15"
"418","0.059039","206.127.152.131","192.168.0.10","TCP","104","15152  >  49209 [PSH, ACK] Seq=10900 Ack=2152 Win=32711 Len=50"
"419","0.001400","206.127.152.131","192.168.0.10","TCP","104","15152  >  49209 [PSH, ACK] Seq=10950 Ack=2152 Win=32711 Len=50"
"421","0.001447","206.127.152.131","192.168.0.10","TCP","105","15152  >  49209 [PSH, ACK] Seq=11000 Ack=2152 Win=32711 Len=51"
"422","0.001445","206.127.152.131","192.168.0.10","TCP","85","15152  >  49209 [PSH, ACK] Seq=11051 Ack=2152 Win=32711 Len=31"
"425","0.024801","206.127.152.131","192.168.0.10","TCP","96","15152  >  49209 [PSH, ACK] Seq=11082 Ack=2178 Win=32685 Len=42"
"426","0.054989","206.127.152.131","192.168.0.10","TCP","65","15152  >  49209 [PSH, ACK] Seq=11124 Ack=2178 Win=32685 Len=11"
"428","0.000824","206.127.152.131","192.168.0.10","TCP","69","15152  >  49209 [PSH, ACK] Seq=11135 Ack=2178 Win=32685 Len=15"
"429","0.001499","206.127.152.131","192.168.0.10","TCP","77","15152  >  49209 [PSH, ACK] Seq=11150 Ack=2178 Win=32685 Len=23"
"431","0.000979","206.127.152.131","192.168.0.10","TCP","77","15152  >  49209 [PSH, ACK] Seq=11173 Ack=2178 Win=32685 Len=23"
"435","0.001701","206.127.152.131","192.168.0.10","TCP","96","15152  >  49209 [PSH, ACK] Seq=11196 Ack=2215 Win=32648 Len=42"
"438","0.025303","206.127.152.131","192.168.0.10","TCP","96","15152  >  49209 [PSH, ACK] Seq=11238 Ack=2241 Win=32622 Len=42"
"440","0.370470","206.127.152.131","192.168.0.10","TCP","104","15152  >  49209 [PSH, ACK] Seq=11280 Ack=2241 Win=32622 Len=50"
"441","0.062149","206.127.152.131","192.168.0.10","TCP","65","15152  >  49209 [PSH, ACK] Seq=11330 Ack=2241 Win=32622 Len=11"
"443","0.000852","206.127.152.131","192.168.0.10","TCP","69","15152  >  49209 [PSH, ACK] Seq=11341 Ack=2241 Win=32622 Len=15"
"445","0.125675","206.127.152.131","192.168.0.10","TCP","104","15152  >  49209 [PSH, ACK] Seq=11356 Ack=2252 Win=32611 Len=50"
"447","0.024746","206.127.152.131","192.168.0.10","TCP","96","15152  >  49209 [PSH, ACK] Seq=11406 Ack=2278 Win=32585 Len=42"
"449","0.023680","206.127.152.131","192.168.0.10","TCP","69","15152  >  49209 [PSH, ACK] Seq=11448 Ack=2309 Win=32554 Len=15"
"450","0.019423","206.127.152.131","192.168.0.10","TCP","104","15152  >  49209 [PSH, ACK] Seq=11463 Ack=2309 Win=32554 Len=50"
"453","0.013771","206.127.152.131","192.168.0.10","TCP","104","15152  >  49209 [PSH, ACK] Seq=11513 Ack=2309 Win=32554 Len=50"
"454","0.011533","206.127.152.131","192.168.0.10","TCP","96","15152  >  49209 [PSH, ACK] Seq=11563 Ack=2335 Win=32528 Len=42"
"457","0.014408","206.127.152.131","192.168.0.10","TCP","104","15152  >  49209 [PSH, ACK] Seq=11605 Ack=2335 Win=32528 Len=50"
"459","0.003010","206.127.152.131","192.168.0.10","TCP","96","15152  >  49209 [PSH, ACK] Seq=11655 Ack=2361 Win=32502 Len=42"
"460","0.020908","206.127.152.131","192.168.0.10","TCP","96","15152  >  49209 [PSH, ACK] Seq=11697 Ack=2387 Win=32476 Len=42"
"463","0.025850","206.127.152.131","192.168.0.10","TCP","182","15152  >  49209 [PSH, ACK] Seq=11739 Ack=2418 Win=32445 Len=128"
"464","0.002423","206.127.152.131","192.168.0.10","TCP","167","15152  >  49209 [PSH, ACK] Seq=11867 Ack=2418 Win=32445 Len=113"
"467","0.110871","206.127.152.131","192.168.0.10","TCP","65","15152  >  49209 [PSH, ACK] Seq=11980 Ack=2444 Win=32419 Len=11"
"468","0.000860","206.127.152.131","192.168.0.10","TCP","69","15152  >  49209 [PSH, ACK] Seq=11991 Ack=2444 Win=32419 Len=15"
"473","0.024155","206.127.152.131","192.168.0.10","TCP","96","15152  >  49209 [PSH, ACK] Seq=12006 Ack=2481 Win=32382 Len=42"
"475","0.024447","206.127.152.131","192.168.0.10","TCP","96","15152  >  49209 [PSH, ACK] Seq=12048 Ack=2507 Win=32356 Len=42"
"476","0.093619","206.127.152.131","192.168.0.10","TCP","85","15152  >  49209 [PSH, ACK] Seq=12090 Ack=2507 Win=32356 Len=31"
"478","0.001381","206.127.152.131","192.168.0.10","TCP","104","15152  >  49209 [PSH, ACK] Seq=12121 Ack=2507 Win=32356 Len=50"
"479","0.029153","206.127.152.131","192.168.0.10","TCP","65","15152  >  49209 [PSH, ACK] Seq=12171 Ack=2507 Win=32356 Len=11"
"481","0.000835","206.127.152.131","192.168.0.10","TCP","69","15152  >  49209 [PSH, ACK] Seq=12182 Ack=2507 Win=32356 Len=15"
"485","0.001463","206.127.152.131","192.168.0.10","TCP","96","15152  >  49209 [PSH, ACK] Seq=12197 Ack=2544 Win=32319 Len=42"
"486","0.009623","206.127.152.131","192.168.0.10","TCP","104","15152  >  49209 [PSH, ACK] Seq=12239 Ack=2544 Win=32319 Len=50"
"489","0.027104","206.127.152.131","192.168.0.10","TCP","69","15152  >  49209 [PSH, ACK] Seq=12289 Ack=2575 Win=32288 Len=15"
"490","0.174175","206.127.152.131","192.168.0.10","TCP","104","15152  >  49209 [PSH, ACK] Seq=12304 Ack=2575 Win=32288 Len=50"
"493","0.025211","206.127.152.131","192.168.0.10","TCP","96","15152  >  49209 [PSH, ACK] Seq=12354 Ack=2601 Win=32262 Len=42"
"494","0.115041","206.127.152.131","192.168.0.10","TCP","104","15152  >  49209 [PSH, ACK] Seq=12396 Ack=2601 Win=32262 Len=50"
"497","0.025886","206.127.152.131","192.168.0.10","TCP","96","15152  >  49209 [PSH, ACK] Seq=12446 Ack=2627 Win=32236 Len=42"
"498","0.124650","206.127.152.131","192.168.0.10","TCP","104","15152  >  49209 [PSH, ACK] Seq=12488 Ack=2627 Win=32236 Len=50"
"501","0.022230","206.127.152.131","192.168.0.10","TCP","104","15152  >  49209 [PSH, ACK] Seq=12538 Ack=2627 Win=32236 Len=50"
"502","0.004175","206.127.152.131","192.168.0.10","TCP","96","15152  >  49209 [PSH, ACK] Seq=12588 Ack=2653 Win=32210 Len=42"
"504","0.010835","206.127.152.131","192.168.0.10","TCP","65","15152  >  49209 [PSH, ACK] Seq=12630 Ack=2653 Win=32210 Len=11"
"505","0.000851","206.127.152.131","192.168.0.10","TCP","69","15152  >  49209 [PSH, ACK] Seq=12641 Ack=2653 Win=32210 Len=15"
"509","0.001492","206.127.152.131","192.168.0.10","TCP","104","15152  >  49209 [PSH, ACK] Seq=12656 Ack=2664 Win=32199 Len=50"
"511","0.025500","206.127.152.131","192.168.0.10","TCP","96","15152  >  49209 [PSH, ACK] Seq=12706 Ack=2690 Win=32173 Len=42"
"513","0.023583","206.127.152.131","192.168.0.10","TCP","96","15152  >  49209 [PSH, ACK] Seq=12748 Ack=2716 Win=32147 Len=42"
"514","0.039894","206.127.152.131","192.168.0.10","TCP","104","15152  >  49209 [PSH, ACK] Seq=12790 Ack=2716 Win=32147 Len=50"
"517","0.026016","206.127.152.131","192.168.0.10","TCP","96","15152  >  49209 [PSH, ACK] Seq=12840 Ack=2742 Win=32121 Len=42"
"518","0.120464","206.127.152.131","192.168.0.10","TCP","104","15152  >  49209 [PSH, ACK] Seq=12882 Ack=2742 Win=32121 Len=50"
"520","0.001343","206.127.152.131","192.168.0.10","TCP","105","15152  >  49209 [PSH, ACK] Seq=12932 Ack=2742 Win=32121 Len=51"
"521","0.001415","206.127.152.131","192.168.0.10","TCP","85","15152  >  49209 [PSH, ACK] Seq=12983 Ack=2742 Win=32121 Len=31"
"524","0.023575","206.127.152.131","192.168.0.10","TCP","96","15152  >  49209 [PSH, ACK] Seq=13014 Ack=2768 Win=32095 Len=42"
"526","0.023019","206.127.152.131","192.168.0.10","TCP","65","15152  >  49209 [PSH, ACK] Seq=13056 Ack=2768 Win=32095 Len=11"
"527","0.000886","206.127.152.131","192.168.0.10","TCP","69","15152  >  49209 [PSH, ACK] Seq=13067 Ack=2768 Win=32095 Len=15"
"532","0.001472","206.127.152.131","192.168.0.10","TCP","96","15152  >  49209 [PSH, ACK] Seq=13082 Ack=2805 Win=32058 Len=42"
"535","0.025045","206.127.152.131","192.168.0.10","TCP","69","15152  >  49209 [PSH, ACK] Seq=13124 Ack=2836 Win=32027 Len=15"
"538","0.007137","206.127.152.131","192.168.0.10","TCP","96","15152  >  49209 [PSH, ACK] Seq=13139 Ack=2862 Win=32001 Len=42"
"539","0.017972","206.127.152.131","192.168.0.10","TCP","96","15152  >  49209 [PSH, ACK] Seq=13181 Ack=2888 Win=31975 Len=42"
"542","0.026164","206.127.152.131","192.168.0.10","TCP","182","15152  >  49209 [PSH, ACK] Seq=13223 Ack=2919 Win=31944 Len=128"
"543","0.003165","206.127.152.131","192.168.0.10","TCP","167","15152  >  49209 [PSH, ACK] Seq=13351 Ack=2919 Win=31944 Len=113"
"547","0.281155","206.127.152.131","192.168.0.10","TCP","65","15152  >  49209 [PSH, ACK] Seq=13464 Ack=2945 Win=31918 Len=11"
"548","0.000861","206.127.152.131","192.168.0.10","TCP","69","15152  >  49209 [PSH, ACK] Seq=13475 Ack=2945 Win=31918 Len=15"
"554","0.010066","206.127.152.131","192.168.0.10","TCP","96","15152  >  49209 [PSH, ACK] Seq=13490 Ack=2982 Win=31881 Len=42"
"555","0.013575","206.127.152.131","192.168.0.10","TCP","96","15152  >  49209 [PSH, ACK] Seq=13532 Ack=3008 Win=31855 Len=42"
"558","0.024289","206.127.152.131","192.168.0.10","TCP","96","15152  >  49209 [PSH, ACK] Seq=13574 Ack=3034 Win=31829 Len=42"
"560","0.025344","206.127.152.131","192.168.0.10","TCP","96","15152  >  49209 [PSH, ACK] Seq=13616 Ack=3060 Win=31803 Len=42"
"561","0.052497","206.127.152.131","192.168.0.10","TCP","85","15152  >  49209 [PSH, ACK] Seq=13658 Ack=3060 Win=31803 Len=31"
"563","0.001313","206.127.152.131","192.168.0.10","TCP","104","15152  >  49209 [PSH, ACK] Seq=13689 Ack=3060 Win=31803 Len=50"
"565","0.025495","206.127.152.131","192.168.0.10","TCP","96","15152  >  49209 [PSH, ACK] Seq=13739 Ack=3086 Win=31777 Len=42"
"566","0.038678","206.127.152.131","192.168.0.10","TCP","104","15152  >  49209 [PSH, ACK] Seq=13781 Ack=3086 Win=31777 Len=50"
"568","0.171506","206.127.152.131","192.168.0.10","TCP","65","15152  >  49209 [PSH, ACK] Seq=13831 Ack=3086 Win=31777 Len=11"
"569","0.000838","206.127.152.131","192.168.0.10","TCP","69","15152  >  49209 [PSH, ACK] Seq=13842 Ack=3086 Win=31777 Len=15"
"572","0.028666","206.127.152.131","192.168.0.10","TCP","104","15152  >  49209 [PSH, ACK] Seq=13857 Ack=3097 Win=31766 Len=50"
"574","0.024234","206.127.152.131","192.168.0.10","TCP","69","15152  >  49209 [PSH, ACK] Seq=13907 Ack=3128 Win=31735 Len=15"
"575","0.133069","206.127.152.131","192.168.0.10","TCP","104","15152  >  49209 [PSH, ACK] Seq=13922 Ack=3128 Win=31735 Len=50"
"578","0.024546","206.127.152.131","192.168.0.10","TCP","96","15152  >  49209 [PSH, ACK] Seq=13972 Ack=3154 Win=31709 Len=42"
"579","0.002148","206.127.152.131","192.168.0.10","TCP","104","15152  >  49209 [PSH, ACK] Seq=14014 Ack=3154 Win=31709 Len=50"
"581","0.202448","206.127.152.131","192.168.0.10","TCP","104","15152  >  49209 [PSH, ACK] Seq=14064 Ack=3154 Win=31709 Len=50"
"583","0.024787","206.127.152.131","192.168.0.10","TCP","96","15152  >  49209 [PSH, ACK] Seq=14114 Ack=3180 Win=31683 Len=42"
"584","0.095326","206.127.152.131","192.168.0.10","TCP","104","15152  >  49209 [PSH, ACK] Seq=14156 Ack=3180 Win=31683 Len=50"
"586","0.155652","206.127.152.131","192.168.0.10","TCP","65","15152  >  49209 [PSH, ACK] Seq=14206 Ack=3180 Win=31683 Len=11"
"587","0.000917","206.127.152.131","192.168.0.10","TCP","69","15152  >  49209 [PSH, ACK] Seq=14217 Ack=3180 Win=31683 Len=15"
"591","0.013881","206.127.152.131","192.168.0.10","TCP","104","15152  >  49209 [PSH, ACK] Seq=14232 Ack=3191 Win=31672 Len=50"
"592","0.011563","206.127.152.131","192.168.0.10","TCP","96","15152  >  49209 [PSH, ACK] Seq=14282 Ack=3217 Win=31646 Len=42"
"594","0.191338","206.127.152.131","192.168.0.10","TCP","104","15152  >  49209 [PSH, ACK] Seq=14324 Ack=3217 Win=31646 Len=50"
"595","0.001470","206.127.152.131","192.168.0.10","TCP","105","15152  >  49209 [PSH, ACK] Seq=14374 Ack=3217 Win=31646 Len=51"
"597","0.001664","206.127.152.131","192.168.0.10","TCP","85","15152  >  49209 [PSH, ACK] Seq=14425 Ack=3217 Win=31646 Len=31"
"600","0.025067","206.127.152.131","192.168.0.10","TCP","96","15152  >  49209 [PSH, ACK] Seq=14456 Ack=3243 Win=31620 Len=42"
"604","0.026001","206.127.152.131","192.168.0.10","TCP","96","15152  >  49209 [PSH, ACK] Seq=14498 Ack=3269 Win=31594 Len=42"
"606","0.012379","206.127.152.131","192.168.0.10","TCP","65","15152  >  49209 [PSH, ACK] Seq=14540 Ack=3269 Win=31594 Len=11"
"607","0.001107","206.127.152.131","192.168.0.10","TCP","69","15152  >  49209 [PSH, ACK] Seq=14551 Ack=3269 Win=31594 Len=15"
"612","0.024781","206.127.152.131","192.168.0.10","TCP","96","15152  >  49209 [PSH, ACK] Seq=14566 Ack=3306 Win=31557 Len=42"
"613","0.053513","206.127.152.131","192.168.0.10","TCP","104","15152  >  49209 [PSH, ACK] Seq=14608 Ack=3306 Win=31557 Len=50"
"615","0.203321","206.127.152.131","192.168.0.10","TCP","104","15152  >  49209 [PSH, ACK] Seq=14658 Ack=3306 Win=31557 Len=50"
"616","0.001396","206.127.152.131","192.168.0.10","TCP","77","15152  >  49209 [PSH, ACK] Seq=14708 Ack=3306 Win=31557 Len=23"
"621","0.025819","206.127.152.131","192.168.0.10","TCP","96","15152  >  49209 [PSH, ACK] Seq=14731 Ack=3332 Win=31531 Len=42"
"622","0.095875","206.127.152.131","192.168.0.10","TCP","65","15152  >  49209 [PSH, ACK] Seq=14773 Ack=3332 Win=31531 Len=11"
"625","0.000305","206.127.152.131","192.168.0.10","TCP","69","15152  >  49209 [PSH, ACK] Seq=14784 Ack=3332 Win=31531 Len=15"
"626","0.001435","206.127.152.131","192.168.0.10","TCP","77","15152  >  49209 [PSH, ACK] Seq=14799 Ack=3332 Win=31531 Len=23"
"628","0.001578","206.127.152.131","192.168.0.10","TCP","77","15152  >  49209 [PSH, ACK] Seq=14822 Ack=3332 Win=31531 Len=23"
"631","0.001460","206.127.152.131","192.168.0.10","TCP","96","15152  >  49209 [PSH, ACK] Seq=14845 Ack=3369 Win=31494 Len=42"
"634","0.024472","206.127.152.131","192.168.0.10","TCP","96","15152  >  49209 [PSH, ACK] Seq=14887 Ack=3395 Win=31468 Len=42"
"635","0.016484","206.127.152.131","192.168.0.10","TCP","85","15152  >  49209 [PSH, ACK] Seq=14929 Ack=3395 Win=31468 Len=31"
"637","0.001309","206.127.152.131","192.168.0.10","TCP","93","15152  >  49209 [PSH, ACK] Seq=14960 Ack=3395 Win=31468 Len=39"
"638","0.001458","206.127.152.131","192.168.0.10","TCP","104","15152  >  49209 [PSH, ACK] Seq=14999 Ack=3395 Win=31468 Len=50"
"640","0.200566","206.127.152.131","192.168.0.10","TCP","104","15152  >  49209 [PSH, ACK] Seq=15049 Ack=3395 Win=31468 Len=50"
"642","0.026121","206.127.152.131","192.168.0.10","TCP","96","15152  >  49209 [PSH, ACK] Seq=15099 Ack=3421 Win=31442 Len=42"
"643","0.120950","206.127.152.131","192.168.0.10","TCP","104","15152  >  49209 [PSH, ACK] Seq=15141 Ack=3421 Win=31442 Len=50"
"645","0.108907","206.127.152.131","192.168.0.10","TCP","65","15152  >  49209 [PSH, ACK] Seq=15191 Ack=3421 Win=31442 Len=11"
"646","0.000412","206.127.152.131","192.168.0.10","TCP","69","15152  >  49209 [PSH, ACK] Seq=15202 Ack=3421 Win=31442 Len=15"
"651","0.001651","206.127.152.131","192.168.0.10","TCP","96","15152  >  49209 [PSH, ACK] Seq=15217 Ack=3458 Win=31405 Len=42"
"652","0.018017","206.127.152.131","192.168.0.10","TCP","104","15152  >  49209 [PSH, ACK] Seq=15259 Ack=3458 Win=31405 Len=50"
"654","0.203527","206.127.152.131","192.168.0.10","TCP","104","15152  >  49209 [PSH, ACK] Seq=15309 Ack=3458 Win=31405 Len=50"
"656","0.024951","206.127.152.131","192.168.0.10","TCP","96","15152  >  49209 [PSH, ACK] Seq=15359 Ack=3484 Win=31379 Len=42"
"657","0.102583","206.127.152.131","192.168.0.10","TCP","104","15152  >  49209 [PSH, ACK] Seq=15401 Ack=3484 Win=31379 Len=50"
"660","0.024751","206.127.152.131","192.168.0.10","TCP","96","15152  >  49209 [PSH, ACK] Seq=15451 Ack=3510 Win=31353 Len=42"
"661","0.003388","206.127.152.131","192.168.0.10","TCP","104","15152  >  49209 [PSH, ACK] Seq=15493 Ack=3510 Win=31353 Len=50"
"663","0.202904","206.127.152.131","192.168.0.10","TCP","104","15152  >  49209 [PSH, ACK] Seq=15543 Ack=3510 Win=31353 Len=50"
"666","0.016776","206.127.152.131","192.168.0.10","TCP","77","15152  >  49209 [PSH, ACK] Seq=15593 Ack=3510 Win=31353 Len=23"
"667","0.000877","206.127.152.131","192.168.0.10","TCP","65","15152  >  49209 [PSH, ACK] Seq=15616 Ack=3510 Win=31353 Len=11"
"669","0.000984","206.127.152.131","192.168.0.10","TCP","69","15152  >  49209 [PSH, ACK] Seq=15627 Ack=3510 Win=31353 Len=15"
"672","0.001451","206.127.152.131","192.168.0.10","TCP","96","15152  >  49209 [PSH, ACK] Seq=15642 Ack=3543 Win=31320 Len=42"
"673","0.095874","206.127.152.131","192.168.0.10","TCP","104","15152  >  49209 [PSH, ACK] Seq=15684 Ack=3554 Win=32768 Len=50"
"675","0.001391","206.127.152.131","192.168.0.10","TCP","104","15152  >  49209 [PSH, ACK] Seq=15734 Ack=3554 Win=32768 Len=50"
"676","0.001643","206.127.152.131","192.168.0.10","TCP","105","15152  >  49209 [PSH, ACK] Seq=15784 Ack=3554 Win=32768 Len=51"
"678","0.000995","206.127.152.131","192.168.0.10","TCP","85","15152  >  49209 [PSH, ACK] Seq=15835 Ack=3554 Win=32768 Len=31"
"680","0.023083","206.127.152.131","192.168.0.10","TCP","65","15152  >  49209 [PSH, ACK] Seq=15866 Ack=3561 Win=32761 Len=11"
"682","0.024585","206.127.152.131","192.168.0.10","TCP","96","15152  >  49209 [PSH, ACK] Seq=15877 Ack=3587 Win=32735 Len=42"
"684","0.026640","206.127.152.131","192.168.0.10","TCP","96","15152  >  49209 [PSH, ACK] Seq=15919 Ack=3613 Win=32709 Len=42"
"687","0.025320","206.127.152.131","192.168.0.10","TCP","96","15152  >  49209 [PSH, ACK] Seq=15961 Ack=3639 Win=32683 Len=42"
"691","0.004448","206.127.152.131","192.168.0.10","TCP","69","15152  >  49209 [PSH, ACK] Seq=16003 Ack=3670 Win=32652 Len=15"
"692","0.017512","206.127.152.131","192.168.0.10","TCP","65","15152  >  49209 [PSH, ACK] Seq=16018 Ack=3670 Win=32652 Len=11"
"694","0.000832","206.127.152.131","192.168.0.10","TCP","69","15152  >  49209 [PSH, ACK] Seq=16029 Ack=3670 Win=32652 Len=15"
"695","0.001409","206.127.152.131","192.168.0.10","TCP","96","15152  >  49209 [PSH, ACK] Seq=16044 Ack=3696 Win=32626 Len=42"
"700","0.026427","206.127.152.131","192.168.0.10","TCP","182","15152  >  49209 [PSH, ACK] Seq=16086 Ack=3738 Win=32584 Len=128"
"701","0.002430","206.127.152.131","192.168.0.10","TCP","167","15152  >  49209 [PSH, ACK] Seq=16214 Ack=3738 Win=32584 Len=113"
"705","0.234542","206.127.152.131","192.168.0.10","TCP","93","15152  >  49209 [PSH, ACK] Seq=16327 Ack=3764 Win=32558 Len=39"
"707","0.082487","206.127.152.131","192.168.0.10","TCP","65","15152  >  49209 [PSH, ACK] Seq=16366 Ack=3764 Win=32558 Len=11"
"708","0.000841","206.127.152.131","192.168.0.10","TCP","69","15152  >  49209 [PSH, ACK] Seq=16377 Ack=3764 Win=32558 Len=15"
"714","0.001440","206.127.152.131","192.168.0.10","TCP","96","15152  >  49209 [PSH, ACK] Seq=16392 Ack=3801 Win=32521 Len=42"
"715","0.017576","206.127.152.131","192.168.0.10","TCP","96","15152  >  49209 [PSH, ACK] Seq=16434 Ack=3827 Win=32495 Len=42"
"718","0.024265","206.127.152.131","192.168.0.10","TCP","96","15152  >  49209 [PSH, ACK] Seq=16476 Ack=3853 Win=32469 Len=42"
"722","0.003925","206.127.152.131","192.168.0.10","TCP","96","15152  >  49209 [PSH, ACK] Seq=16518 Ack=3879 Win=32443 Len=42"
"723","0.020955","206.127.152.131","192.168.0.10","TCP","96","15152  >  49209 [PSH, ACK] Seq=16560 Ack=3905 Win=32417 Len=42"
"726","0.023721","206.127.152.131","192.168.0.10","TCP","96","15152  >  49209 [PSH, ACK] Seq=16602 Ack=3931 Win=32391 Len=42"
"728","0.025854","206.127.152.131","192.168.0.10","TCP","96","15152  >  49209 [PSH, ACK] Seq=16644 Ack=3957 Win=32365 Len=42"
"730","0.091234","206.127.152.131","192.168.0.10","TCP","65","15152  >  49209 [PSH, ACK] Seq=16686 Ack=3957 Win=32365 Len=11"
"733","0.000161","206.127.152.131","192.168.0.10","TCP","69","15152  >  49209 [PSH, ACK] Seq=16697 Ack=3957 Win=32365 Len=15"
"735","0.001492","206.127.152.131","192.168.0.10","TCP","96","15152  >  49209 [PSH, ACK] Seq=16712 Ack=3994 Win=32328 Len=42"
"738","0.023090","206.127.152.131","192.168.0.10","TCP","69","15152  >  49209 [PSH, ACK] Seq=16754 Ack=4025 Win=32297 Len=15"
"740","0.024310","206.127.152.131","192.168.0.10","TCP","96","15152  >  49209 [PSH, ACK] Seq=16769 Ack=4051 Win=32271 Len=42"
"743","0.025819","206.127.152.131","192.168.0.10","TCP","96","15152  >  49209 [PSH, ACK] Seq=16811 Ack=4077 Win=32245 Len=42"
"744","0.125997","206.127.152.131","192.168.0.10","TCP","65","15152  >  49209 [PSH, ACK] Seq=16853 Ack=4077 Win=32245 Len=11"
"746","0.000857","206.127.152.131","192.168.0.10","TCP","69","15152  >  49209 [PSH, ACK] Seq=16864 Ack=4077 Win=32245 Len=15"
"750","0.001399","206.127.152.131","192.168.0.10","TCP","96","15152  >  49209 [PSH, ACK] Seq=16879 Ack=4114 Win=32208 Len=42"
"753","0.024214","206.127.152.131","192.168.0.10","TCP","96","15152  >  49209 [PSH, ACK] Seq=16921 Ack=4140 Win=32182 Len=42"
"755","0.024133","206.127.152.131","192.168.0.10","TCP","96","15152  >  49209 [PSH, ACK] Seq=16963 Ack=4166 Win=32156 Len=42"
"758","0.024577","206.127.152.131","192.168.0.10","TCP","96","15152  >  49209 [PSH, ACK] Seq=17005 Ack=4192 Win=32130 Len=42"
"760","0.025203","206.127.152.131","192.168.0.10","TCP","96","15152  >  49209 [PSH, ACK] Seq=17047 Ack=4218 Win=32104 Len=42"
"762","0.025736","206.127.152.131","192.168.0.10","TCP","96","15152  >  49209 [PSH, ACK] Seq=17089 Ack=4244 Win=32078 Len=42"
"764","0.024787","206.127.152.131","192.168.0.10","TCP","96","15152  >  49209 [PSH, ACK] Seq=17131 Ack=4270 Win=32052 Len=42"
"766","0.025141","206.127.152.131","192.168.0.10","TCP","96","15152  >  49209 [PSH, ACK] Seq=17173 Ack=4296 Win=32026 Len=42"
"767","0.095195","206.127.152.131","192.168.0.10","TCP","65","15152  >  49209 [PSH, ACK] Seq=17215 Ack=4296 Win=32026 Len=11"
"769","0.000834","206.127.152.131","192.168.0.10","TCP","69","15152  >  49209 [PSH, ACK] Seq=17226 Ack=4296 Win=32026 Len=15"
"771","0.066045","206.127.152.131","192.168.0.10","TCP","69","15152  >  49209 [PSH, ACK] Seq=17241 Ack=4307 Win=32015 Len=15"
"772","0.001364","206.127.152.131","192.168.0.10","TCP","93","15152  >  49209 [PSH, ACK] Seq=17256 Ack=4307 Win=32015 Len=39"
"775","0.023994","206.127.152.131","192.168.0.10","TCP","96","15152  >  49209 [PSH, ACK] Seq=17295 Ack=4333 Win=31989 Len=42"
"778","0.024770","206.127.152.131","192.168.0.10","TCP","96","15152  >  49209 [PSH, ACK] Seq=17337 Ack=4359 Win=31963 Len=42"
"780","0.023373","206.127.152.131","192.168.0.10","TCP","96","15152  >  49209 [PSH, ACK] Seq=17379 Ack=4385 Win=31937 Len=42"
"783","0.024652","206.127.152.131","192.168.0.10","TCP","96","15152  >  49209 [PSH, ACK] Seq=17421 Ack=4411 Win=31911 Len=42"
"785","0.020927","206.127.152.131","192.168.0.10","TCP","65","15152  >  49209 [PSH, ACK] Seq=17463 Ack=4411 Win=31911 Len=11"
"786","0.000881","206.127.152.131","192.168.0.10","TCP","69","15152  >  49209 [PSH, ACK] Seq=17474 Ack=4411 Win=31911 Len=15"
"791","0.024600","206.127.152.131","192.168.0.10","TCP","96","15152  >  49209 [PSH, ACK] Seq=17489 Ack=4448 Win=31874 Len=42"
"795","0.010231","206.127.152.131","192.168.0.10","TCP","96","15152  >  49209 [PSH, ACK] Seq=17531 Ack=4474 Win=31848 Len=42"
"796","0.015478","206.127.152.131","192.168.0.10","TCP","96","15152  >  49209 [PSH, ACK] Seq=17573 Ack=4500 Win=31822 Len=42"
"799","0.024541","206.127.152.131","192.168.0.10","TCP","96","15152  >  49209 [PSH, ACK] Seq=17615 Ack=4526 Win=31796 Len=42"
"801","0.023651","206.127.152.131","192.168.0.10","TCP","96","15152  >  49209 [PSH, ACK] Seq=17657 Ack=4552 Win=31770 Len=42"
"803","0.024605","206.127.152.131","192.168.0.10","TCP","96","15152  >  49209 [PSH, ACK] Seq=17699 Ack=4578 Win=31744 Len=42"
"805","0.001893","206.127.152.131","192.168.0.10","TCP","65","15152  >  49209 [PSH, ACK] Seq=17741 Ack=4578 Win=31744 Len=11"
"806","0.000921","206.127.152.131","192.168.0.10","TCP","69","15152  >  49209 [PSH, ACK] Seq=17752 Ack=4578 Win=31744 Len=15"
"809","0.003108","206.127.152.131","192.168.0.10","TCP","96","15152  >  49209 [PSH, ACK] Seq=17767 Ack=4604 Win=31718 Len=42"
"813","0.023890","206.127.152.131","192.168.0.10","TCP","96","15152  >  49209 [PSH, ACK] Seq=17809 Ack=4641 Win=31681 Len=42"
"815","0.025976","206.127.152.131","192.168.0.10","TCP","96","15152  >  49209 [PSH, ACK] Seq=17851 Ack=4667 Win=31655 Len=42"
"817","0.025407","206.127.152.131","192.168.0.10","TCP","96","15152  >  49209 [PSH, ACK] Seq=17893 Ack=4693 Win=31629 Len=42"
"818","0.075399","206.127.152.131","192.168.0.10","TCP","85","15152  >  49209 [PSH, ACK] Seq=17935 Ack=4693 Win=31629 Len=31"
"820","0.001614","206.127.152.131","192.168.0.10","TCP","104","15152  >  49209 [PSH, ACK] Seq=17966 Ack=4693 Win=31629 Len=50"
"821","0.170011","206.127.152.131","192.168.0.10","TCP","65","15152  >  49209 [PSH, ACK] Seq=18016 Ack=4693 Win=31629 Len=11"
"823","0.000858","206.127.152.131","192.168.0.10","TCP","69","15152  >  49209 [PSH, ACK] Seq=18027 Ack=4693 Win=31629 Len=15"
"825","0.010317","206.127.152.131","192.168.0.10","TCP","85","15152  >  49209 [PSH, ACK] Seq=18042 Ack=4693 Win=31629 Len=31"
"826","0.001475","206.127.152.131","192.168.0.10","TCP","104","15152  >  49209 [PSH, ACK] Seq=18073 Ack=4693 Win=31629 Len=50"
"828","0.001704","206.127.152.131","192.168.0.10","TCP","104","15152  >  49209 [PSH, ACK] Seq=18123 Ack=4693 Win=31629 Len=50"
"831","0.001473","206.127.152.131","192.168.0.10","TCP","96","15152  >  49209 [PSH, ACK] Seq=18173 Ack=4730 Win=31592 Len=42"
"832","0.167537","206.127.152.131","192.168.0.10","TCP","104","15152  >  49209 [PSH, ACK] Seq=18215 Ack=4730 Win=31592 Len=50"
"834","0.001336","206.127.152.131","192.168.0.10","TCP","104","15152  >  49209 [PSH, ACK] Seq=18265 Ack=4730 Win=31592 Len=50"
"836","0.024820","206.127.152.131","192.168.0.10","TCP","96","15152  >  49209 [PSH, ACK] Seq=18315 Ack=4756 Win=31566 Len=42"
"837","0.074855","206.127.152.131","192.168.0.10","TCP","104","15152  >  49209 [PSH, ACK] Seq=18357 Ack=4756 Win=31566 Len=50"
"839","0.001373","206.127.152.131","192.168.0.10","TCP","104","15152  >  49209 [PSH, ACK] Seq=18407 Ack=4756 Win=31566 Len=50"
"841","0.003128","206.127.152.131","192.168.0.10","TCP","104","15152  >  49209 [PSH, ACK] Seq=18457 Ack=4756 Win=31566 Len=50"
"842","0.001424","206.127.152.131","192.168.0.10","TCP","104","15152  >  49209 [PSH, ACK] Seq=18507 Ack=4756 Win=31566 Len=50"
"845","0.025818","206.127.152.131","192.168.0.10","TCP","96","15152  >  49209 [PSH, ACK] Seq=18557 Ack=4782 Win=31540 Len=42"
"846","0.022413","206.127.152.131","192.168.0.10","TCP","104","15152  >  49209 [PSH, ACK] Seq=18599 Ack=4782 Win=31540 Len=50"
"848","0.001265","206.127.152.131","192.168.0.10","TCP","104","15152  >  49209 [PSH, ACK] Seq=18649 Ack=4782 Win=31540 Len=50"
"850","0.024764","206.127.152.131","192.168.0.10","TCP","96","15152  >  49209 [PSH, ACK] Seq=18699 Ack=4808 Win=31514 Len=42"
"852","0.024963","206.127.152.131","192.168.0.10","TCP","96","15152  >  49209 [PSH, ACK] Seq=18741 Ack=4834 Win=31488 Len=42"
"853","0.077394","206.127.152.131","192.168.0.10","TCP","65","15152  >  49209 [PSH, ACK] Seq=18783 Ack=4834 Win=31488 Len=11"
"855","0.000855","206.127.152.131","192.168.0.10","TCP","69","15152  >  49209 [PSH, ACK] Seq=18794 Ack=4834 Win=31488 Len=15"
"857","0.036898","206.127.152.131","192.168.0.10","TCP","104","15152  >  49209 [PSH, ACK] Seq=18809 Ack=4845 Win=31477 Len=50"
"858","0.001416","206.127.152.131","192.168.0.10","TCP","104","15152  >  49209 [PSH, ACK] Seq=18859 Ack=4845 Win=31477 Len=50"
"860","0.202004","206.127.152.131","192.168.0.10","TCP","104","15152  >  49209 [PSH, ACK] Seq=18909 Ack=4845 Win=31477 Len=50"
"861","0.001423","206.127.152.131","192.168.0.10","TCP","104","15152  >  49209 [PSH, ACK] Seq=18959 Ack=4845 Win=31477 Len=50"
"863","0.201038","206.127.152.131","192.168.0.10","TCP","104","15152  >  49209 [PSH, ACK] Seq=19009 Ack=4845 Win=31477 Len=50"
"864","0.001398","206.127.152.131","192.168.0.10","TCP","105","15152  >  49209 [PSH, ACK] Seq=19059 Ack=4845 Win=31477 Len=51"
"866","0.001935","206.127.152.131","192.168.0.10","TCP","85","15152  >  49209 [PSH, ACK] Seq=19110 Ack=4845 Win=31477 Len=31"
"867","0.001438","206.127.152.131","192.168.0.10","TCP","104","15152  >  49209 [PSH, ACK] Seq=19141 Ack=4845 Win=31477 Len=50"
"870","0.024895","206.127.152.131","192.168.0.10","TCP","96","15152  >  49209 [PSH, ACK] Seq=19191 Ack=4871 Win=31451 Len=42"
"871","0.063024","206.127.152.131","192.168.0.10","TCP","77","15152  >  49209 [PSH, ACK] Seq=19233 Ack=4871 Win=31451 Len=23"
"873","0.203898","206.127.152.131","192.168.0.10","TCP","77","15152  >  49209 [PSH, ACK] Seq=19256 Ack=4871 Win=31451 Len=23"
"874","0.123936","206.127.152.131","192.168.0.10","TCP","65","15152  >  49209 [PSH, ACK] Seq=19279 Ack=4871 Win=31451 Len=11"
"877","0.011569","206.127.152.131","192.168.0.10","TCP","77","15152  >  49209 [PSH, ACK] Seq=19290 Ack=4871 Win=31451 Len=23"
"878","0.000868","206.127.152.131","192.168.0.10","TCP","65","15152  >  49209 [PSH, ACK] Seq=19313 Ack=4871 Win=31451 Len=11"
"880","0.000964","206.127.152.131","192.168.0.10","TCP","69","15152  >  49209 [PSH, ACK] Seq=19324 Ack=4871 Win=31451 Len=15"
"882","0.002437","206.127.152.131","192.168.0.10","TCP","69","15152  >  49209 [PSH, ACK] Seq=19339 Ack=4902 Win=31420 Len=15"
"883","0.049030","206.127.152.131","192.168.0.10","TCP","77","15152  >  49209 [PSH, ACK] Seq=19354 Ack=4913 Win=31409 Len=23"
"887","0.004755","206.127.152.131","192.168.0.10","TCP","93","15152  >  49209 [PSH, ACK] Seq=19377 Ack=4944 Win=31378 Len=39"
"888","0.018981","206.127.152.131","192.168.0.10","TCP","96","15152  >  49209 [PSH, ACK] Seq=19416 Ack=4970 Win=31352 Len=42"
"893","0.002472","206.127.152.131","192.168.0.10","TCP","182","15152  >  49209 [PSH, ACK] Seq=19458 Ack=5012 Win=32768 Len=128"
"894","0.002426","206.127.152.131","192.168.0.10","TCP","167","15152  >  49209 [PSH, ACK] Seq=19586 Ack=5012 Win=32768 Len=113"
"897","0.045182","206.127.152.131","192.168.0.10","TCP","77","15152  >  49209 [PSH, ACK] Seq=19699 Ack=5038 Win=32742 Len=23"
"899","0.008832","206.127.152.131","192.168.0.10","TCP","77","15152  >  49209 [PSH, ACK] Seq=19722 Ack=5038 Win=32742 Len=23"
"901","0.004294","206.127.152.131","192.168.0.10","TCP","77","15152  >  49209 [PSH, ACK] Seq=19745 Ack=5038 Win=32742 Len=23"
"903","0.007199","206.127.152.131","192.168.0.10","TCP","77","15152  >  49209 [PSH, ACK] Seq=19768 Ack=5038 Win=32742 Len=23"
"904","0.124978","206.127.152.131","192.168.0.10","TCP","65","15152  >  49209 [PSH, ACK] Seq=19791 Ack=5038 Win=32742 Len=11"
"906","0.000861","206.127.152.131","192.168.0.10","TCP","69","15152  >  49209 [PSH, ACK] Seq=19802 Ack=5038 Win=32742 Len=15"
"910","0.001442","206.127.152.131","192.168.0.10","TCP","96","15152  >  49209 [PSH, ACK] Seq=19817 Ack=5075 Win=32705 Len=42"
"911","0.041192","206.127.152.131","192.168.0.10","TCP","77","15152  >  49209 [PSH, ACK] Seq=19859 Ack=5075 Win=32705 Len=23"
"914","0.023903","206.127.152.131","192.168.0.10","TCP","96","15152  >  49209 [PSH, ACK] Seq=19882 Ack=5101 Win=32679 Len=42"
"916","0.025456","206.127.152.131","192.168.0.10","TCP","96","15152  >  49209 [PSH, ACK] Seq=19924 Ack=5127 Win=32653 Len=42"
"919","0.007949","206.127.152.131","192.168.0.10","TCP","96","15152  >  49209 [PSH, ACK] Seq=19966 Ack=5153 Win=32627 Len=42"
"920","0.015493","206.127.152.131","192.168.0.10","TCP","69","15152  >  49209 [PSH, ACK] Seq=20008 Ack=5184 Win=32596 Len=15"
"923","0.025706","206.127.152.131","192.168.0.10","TCP","96","15152  >  49209 [PSH, ACK] Seq=20023 Ack=5210 Win=32570 Len=42"
"925","0.024263","206.127.152.131","192.168.0.10","TCP","96","15152  >  49209 [PSH, ACK] Seq=20065 Ack=5236 Win=32544 Len=42"
"927","0.024358","206.127.152.131","192.168.0.10","TCP","96","15152  >  49209 [PSH, ACK] Seq=20107 Ack=5262 Win=32518 Len=42"
"929","0.025472","206.127.152.131","192.168.0.10","TCP","96","15152  >  49209 [PSH, ACK] Seq=20149 Ack=5288 Win=32492 Len=42"
"930","0.132788","206.127.152.131","192.168.0.10","TCP","93","15152  >  49209 [PSH, ACK] Seq=20191 Ack=5288 Win=32492 Len=39"
"932","0.001319","206.127.152.131","192.168.0.10","TCP","104","15152  >  49209 [PSH, ACK] Seq=20230 Ack=5288 Win=32492 Len=50"
"933","0.001685","206.127.152.131","192.168.0.10","TCP","105","15152  >  49209 [PSH, ACK] Seq=20280 Ack=5288 Win=32492 Len=51"
"935","0.001520","206.127.152.131","192.168.0.10","TCP","85","15152  >  49209 [PSH, ACK] Seq=20331 Ack=5288 Win=32492 Len=31"
"937","0.026050","206.127.152.131","192.168.0.10","TCP","96","15152  >  49209 [PSH, ACK] Seq=20362 Ack=5314 Win=32466 Len=42"
"938","0.056239","206.127.152.131","192.168.0.10","TCP","65","15152  >  49209 [PSH, ACK] Seq=20404 Ack=5314 Win=32466 Len=11"
"940","0.000823","206.127.152.131","192.168.0.10","TCP","69","15152  >  49209 [PSH, ACK] Seq=20415 Ack=5314 Win=32466 Len=15"
"941","0.001434","206.127.152.131","192.168.0.10","TCP","77","15152  >  49209 [PSH, ACK] Seq=20430 Ack=5314 Win=32466 Len=23"
"946","0.001397","206.127.152.131","192.168.0.10","TCP","96","15152  >  49209 [PSH, ACK] Seq=20453 Ack=5351 Win=32429 Len=42"
"948","0.025095","206.127.152.131","192.168.0.10","TCP","96","15152  >  49209 [PSH, ACK] Seq=20495 Ack=5377 Win=32403 Len=42"
"950","0.025781","206.127.152.131","192.168.0.10","TCP","96","15152  >  49209 [PSH, ACK] Seq=20537 Ack=5403 Win=32377 Len=42"
"952","0.549798","206.127.152.131","192.168.0.10","TCP","65","15152  >  49209 [PSH, ACK] Seq=20579 Ack=5403 Win=32377 Len=11"
"953","0.000877","206.127.152.131","192.168.0.10","TCP","69","15152  >  49209 [PSH, ACK] Seq=20590 Ack=5403 Win=32377 Len=15"
"958","0.001456","206.127.152.131","192.168.0.10","TCP","96","15152  >  49209 [PSH, ACK] Seq=20605 Ack=5440 Win=32340 Len=42"
"959","0.004928","206.127.152.131","192.168.0.10","TCP","104","15152  >  49209 [PSH, ACK] Seq=20647 Ack=5440 Win=32340 Len=50"
"962","0.027702","206.127.152.131","192.168.0.10","TCP","96","15152  >  49209 [PSH, ACK] Seq=20697 Ack=5466 Win=32314 Len=42"
"964","0.024901","206.127.152.131","192.168.0.10","TCP","96","15152  >  49209 [PSH, ACK] Seq=20739 Ack=5492 Win=32288 Len=42"
"966","0.025730","206.127.152.131","192.168.0.10","TCP","96","15152  >  49209 [PSH, ACK] Seq=20781 Ack=5518 Win=32262 Len=42"
"967","0.120994","206.127.152.131","192.168.0.10","TCP","104","15152  >  49209 [PSH, ACK] Seq=20823 Ack=5518 Win=32262 Len=50"
"970","0.024010","206.127.152.131","192.168.0.10","TCP","96","15152  >  49209 [PSH, ACK] Seq=20873 Ack=5544 Win=32236 Len=42"
"972","0.023574","206.127.152.131","192.168.0.10","TCP","96","15152  >  49209 [PSH, ACK] Seq=20915 Ack=5570 Win=32210 Len=42"
"974","0.025198","206.127.152.131","192.168.0.10","TCP","96","15152  >  49209 [PSH, ACK] Seq=20957 Ack=5596 Win=32184 Len=42"
"975","0.003832","206.127.152.131","192.168.0.10","TCP","104","15152  >  49209 [PSH, ACK] Seq=20999 Ack=5596 Win=32184 Len=50"
"978","0.025837","206.127.152.131","192.168.0.10","TCP","96","15152  >  49209 [PSH, ACK] Seq=21049 Ack=5622 Win=32158 Len=42"
"979","0.020381","206.127.152.131","192.168.0.10","TCP","104","15152  >  49209 [PSH, ACK] Seq=21091 Ack=5622 Win=32158 Len=50"
"981","0.202944","206.127.152.131","192.168.0.10","TCP","104","15152  >  49209 [PSH, ACK] Seq=21141 Ack=5622 Win=32158 Len=50"
"982","0.078414","206.127.152.131","192.168.0.10","TCP","77","15152  >  49209 [PSH, ACK] Seq=21191 Ack=5622 Win=32158 Len=23"
"984","0.000981","206.127.152.131","192.168.0.10","TCP","65","15152  >  49209 [PSH, ACK] Seq=21214 Ack=5622 Win=32158 Len=11"
"985","0.000994","206.127.152.131","192.168.0.10","TCP","69","15152  >  49209 [PSH, ACK] Seq=21225 Ack=5622 Win=32158 Len=15"
"990","0.001463","206.127.152.131","192.168.0.10","TCP","96","15152  >  49209 [PSH, ACK] Seq=21240 Ack=5659 Win=32121 Len=42"
"991","0.064083","206.127.152.131","192.168.0.10","TCP","77","15152  >  49209 [PSH, ACK] Seq=21282 Ack=5659 Win=32121 Len=23"
"994","0.024809","206.127.152.131","192.168.0.10","TCP","96","15152  >  49209 [PSH, ACK] Seq=21305 Ack=5685 Win=32095 Len=42"
"996","0.000857","206.127.152.131","192.168.0.10","TCP","85","15152  >  49209 [PSH, ACK] Seq=21347 Ack=5685 Win=32095 Len=31"
"997","0.001226","206.127.152.131","192.168.0.10","TCP","104","15152  >  49209 [PSH, ACK] Seq=21378 Ack=5685 Win=32095 Len=50"
"999","0.022409","206.127.152.131","192.168.0.10","TCP","96","15152  >  49209 [PSH, ACK] Seq=21428 Ack=5711 Win=32069 Len=42"
"1000","0.179234","206.127.152.131","192.168.0.10","TCP","104","15152  >  49209 [PSH, ACK] Seq=21470 Ack=5711 Win=32069 Len=50"
"1003","0.024596","206.127.152.131","192.168.0.10","TCP","96","15152  >  49209 [PSH, ACK] Seq=21520 Ack=5737 Win=32043 Len=42"
"1005","0.025504","206.127.152.131","192.168.0.10","TCP","96","15152  >  49209 [PSH, ACK] Seq=21562 Ack=5763 Win=32017 Len=42"
"1007","0.025309","206.127.152.131","192.168.0.10","TCP","96","15152  >  49209 [PSH, ACK] Seq=21604 Ack=5789 Win=31991 Len=42"
"1009","0.003540","206.127.152.131","192.168.0.10","TCP","104","15152  >  49209 [PSH, ACK] Seq=21646 Ack=5789 Win=31991 Len=50"
"1010","0.020441","206.127.152.131","192.168.0.10","TCP","96","15152  >  49209 [PSH, ACK] Seq=21696 Ack=5815 Win=31965 Len=42"
"1014","0.007788","206.127.152.131","192.168.0.10","TCP","96","15152  >  49209 [PSH, ACK] Seq=21738 Ack=5841 Win=31939 Len=42"
"1015","0.016457","206.127.152.131","192.168.0.10","TCP","96","15152  >  49209 [PSH, ACK] Seq=21780 Ack=5867 Win=31913 Len=42"
"1017","0.071180","206.127.152.131","192.168.0.10","TCP","104","15152  >  49209 [PSH, ACK] Seq=21822 Ack=5867 Win=31913 Len=50"
"1018","0.001384","206.127.152.131","192.168.0.10","TCP","77","15152  >  49209 [PSH, ACK] Seq=21872 Ack=5867 Win=31913 Len=23"
"1020","0.061216","206.127.152.131","192.168.0.10","TCP","65","15152  >  49209 [PSH, ACK] Seq=21895 Ack=5867 Win=31913 Len=11"
"1021","0.000346","206.127.152.131","192.168.0.10","TCP","69","15152  >  49209 [PSH, ACK] Seq=21906 Ack=5867 Win=31913 Len=15"
"1024","0.127131","206.127.152.131","192.168.0.10","TCP","93","15152  >  49209 [PSH, ACK] Seq=21921 Ack=5878 Win=31902 Len=39"
"1025","0.001416","206.127.152.131","192.168.0.10","TCP","104","15152  >  49209 [PSH, ACK] Seq=21960 Ack=5878 Win=31902 Len=50"
"1028","0.025565","206.127.152.131","192.168.0.10","TCP","96","15152  >  49209 [PSH, ACK] Seq=22010 Ack=5904 Win=31876 Len=42"
"1029","0.024627","206.127.152.131","192.168.0.10","TCP","104","15152  >  49209 [PSH, ACK] Seq=22052 Ack=5904 Win=31876 Len=50"
"1032","0.025011","206.127.152.131","192.168.0.10","TCP","96","15152  >  49209 [PSH, ACK] Seq=22102 Ack=5930 Win=31850 Len=42"
"1033","0.161913","206.127.152.131","192.168.0.10","TCP","104","15152  >  49209 [PSH, ACK] Seq=22144 Ack=5930 Win=31850 Len=50"
"1036","0.023607","206.127.152.131","192.168.0.10","TCP","96","15152  >  49209 [PSH, ACK] Seq=22194 Ack=5956 Win=31824 Len=42"
"1038","0.024595","206.127.152.131","192.168.0.10","TCP","69","15152  >  49209 [PSH, ACK] Seq=22236 Ack=5987 Win=31793 Len=15"
"1040","0.025877","206.127.152.131","192.168.0.10","TCP","96","15152  >  49209 [PSH, ACK] Seq=22251 Ack=6013 Win=31767 Len=42"
"1041","0.011801","206.127.152.131","192.168.0.10","TCP","104","15152  >  49209 [PSH, ACK] Seq=22293 Ack=6013 Win=31767 Len=50"
"1043","0.001372","206.127.152.131","192.168.0.10","TCP","77","15152  >  49209 [PSH, ACK] Seq=22343 Ack=6013 Win=31767 Len=23"
"1045","0.023436","206.127.152.131","192.168.0.10","TCP","96","15152  >  49209 [PSH, ACK] Seq=22366 Ack=6039 Win=31741 Len=42"
"1047","0.006935","206.127.152.131","192.168.0.10","TCP","77","15152  >  49209 [PSH, ACK] Seq=22408 Ack=6039 Win=31741 Len=23"
"1048","0.017953","206.127.152.131","192.168.0.10","TCP","96","15152  >  49209 [PSH, ACK] Seq=22431 Ack=6065 Win=31715 Len=42"
"1050","0.028990","206.127.152.131","192.168.0.10","TCP","77","15152  >  49209 [PSH, ACK] Seq=22473 Ack=6065 Win=31715 Len=23"
"1051","0.001841","206.127.152.131","192.168.0.10","TCP","77","15152  >  49209 [PSH, ACK] Seq=22496 Ack=6065 Win=31715 Len=23"
"1053","0.001500","206.127.152.131","192.168.0.10","TCP","80","15152  >  49209 [PSH, ACK] Seq=22519 Ack=6065 Win=31715 Len=26"
"1057","0.002434","206.127.152.131","192.168.0.10","TCP","182","15152  >  49209 [PSH, ACK] Seq=22545 Ack=6107 Win=31673 Len=128"
"1058","0.002455","206.127.152.131","192.168.0.10","TCP","167","15152  >  49209 [PSH, ACK] Seq=22673 Ack=6107 Win=31673 Len=113"
"1062","0.250544","206.127.152.131","192.168.0.10","TCP","93","15152  >  49209 [PSH, ACK] Seq=22786 Ack=6133 Win=31647 Len=39"
"1065","0.026412","206.127.152.131","192.168.0.10","TCP","96","15152  >  49209 [PSH, ACK] Seq=22825 Ack=6159 Win=31621 Len=42"
"1068","0.005056","206.127.152.131","192.168.0.10","TCP","96","15152  >  49209 [PSH, ACK] Seq=22867 Ack=6185 Win=31595 Len=42"
"1069","0.020684","206.127.152.131","192.168.0.10","TCP","96","15152  >  49209 [PSH, ACK] Seq=22909 Ack=6211 Win=31569 Len=42"
"1071","0.071497","206.127.152.131","192.168.0.10","TCP","65","15152  >  49209 [PSH, ACK] Seq=22951 Ack=6211 Win=31569 Len=11"
"1072","0.000848","206.127.152.131","192.168.0.10","TCP","69","15152  >  49209 [PSH, ACK] Seq=22962 Ack=6211 Win=31569 Len=15"
"1077","0.001480","206.127.152.131","192.168.0.10","TCP","96","15152  >  49209 [PSH, ACK] Seq=22977 Ack=6248 Win=31532 Len=42"
"1079","0.025034","206.127.152.131","192.168.0.10","TCP","96","15152  >  49209 [PSH, ACK] Seq=23019 Ack=6274 Win=31506 Len=42"
"1081","0.024366","206.127.152.131","192.168.0.10","TCP","96","15152  >  49209 [PSH, ACK] Seq=23061 Ack=6300 Win=31480 Len=42"
"1084","0.024576","206.127.152.131","192.168.0.10","TCP","96","15152  >  49209 [PSH, ACK] Seq=23103 Ack=6326 Win=31454 Len=42"
"1086","0.024048","206.127.152.131","192.168.0.10","TCP","96","15152  >  49209 [PSH, ACK] Seq=23145 Ack=6352 Win=31428 Len=42"
"1088","0.081812","206.127.152.131","192.168.0.10","TCP","65","15152  >  49209 [PSH, ACK] Seq=23187 Ack=6352 Win=31428 Len=11"
"1089","0.000877","206.127.152.131","192.168.0.10","TCP","69","15152  >  49209 [PSH, ACK] Seq=23198 Ack=6352 Win=31428 Len=15"
"1094","0.001428","206.127.152.131","192.168.0.10","TCP","96","15152  >  49209 [PSH, ACK] Seq=23213 Ack=6389 Win=31391 Len=42"
"1097","0.005690","206.127.152.131","192.168.0.10","TCP","96","15152  >  49209 [PSH, ACK] Seq=23255 Ack=6415 Win=31365 Len=42"
"1098","0.018456","206.127.152.131","192.168.0.10","TCP","96","15152  >  49209 [PSH, ACK] Seq=23297 Ack=6441 Win=31339 Len=42"
"1101","0.023725","206.127.152.131","192.168.0.10","TCP","96","15152  >  49209 [PSH, ACK] Seq=23339 Ack=6467 Win=32768 Len=42"
"1103","0.025083","206.127.152.131","192.168.0.10","TCP","96","15152  >  49209 [PSH, ACK] Seq=23381 Ack=6493 Win=32742 Len=42"
"1105","0.024665","206.127.152.131","192.168.0.10","TCP","96","15152  >  49209 [PSH, ACK] Seq=23423 Ack=6519 Win=32716 Len=42"
"1108","0.023400","206.127.152.131","192.168.0.10","TCP","96","15152  >  49209 [PSH, ACK] Seq=23465 Ack=6545 Win=32690 Len=42"
"1109","0.010660","206.127.152.131","192.168.0.10","TCP","65","15152  >  49209 [PSH, ACK] Seq=23507 Ack=6545 Win=32690 Len=11"
"1111","0.000834","206.127.152.131","192.168.0.10","TCP","69","15152  >  49209 [PSH, ACK] Seq=23518 Ack=6545 Win=32690 Len=15"
"1115","0.024696","206.127.152.131","192.168.0.10","TCP","96","15152  >  49209 [PSH, ACK] Seq=23533 Ack=6582 Win=32653 Len=42"
"1116","0.106415","206.127.152.131","192.168.0.10","TCP","69","15152  >  49209 [PSH, ACK] Seq=23575 Ack=6582 Win=32653 Len=15"
"1118","0.001364","206.127.152.131","192.168.0.10","TCP","93","15152  >  49209 [PSH, ACK] Seq=23590 Ack=6582 Win=32653 Len=39"
"1121","0.000323","206.127.152.131","192.168.0.10","TCP","182","15152  >  49209 [PSH, ACK] Seq=23629 Ack=6613 Win=32622 Len=128"
"1122","0.107773","206.127.152.131","192.168.0.10","TCP","65","15152  >  49209 [PSH, ACK] Seq=23757 Ack=6624 Win=32611 Len=11"
"1124","0.000857","206.127.152.131","192.168.0.10","TCP","69","15152  >  49209 [PSH, ACK] Seq=23768 Ack=6624 Win=32611 Len=15"
"1129","0.020007","206.127.152.131","192.168.0.10","TCP","65","15152  >  49209 [PSH, ACK] Seq=23783 Ack=6668 Win=32567 Len=11"
"1131","0.621527","206.127.152.131","192.168.0.10","TCP","65","15152  >  49209 [PSH, ACK] Seq=23794 Ack=6668 Win=32567 Len=11"
"1132","0.000864","206.127.152.131","192.168.0.10","TCP","69","15152  >  49209 [PSH, ACK] Seq=23805 Ack=6668 Win=32567 Len=15"
"1137","0.001433","206.127.152.131","192.168.0.10","TCP","96","15152  >  49209 [PSH, ACK] Seq=23820 Ack=6705 Win=32530 Len=42"
"1139","0.689591","206.127.152.131","192.168.0.10","TCP","65","15152  >  49209 [PSH, ACK] Seq=23862 Ack=6705 Win=32530 Len=11"
"1140","0.000834","206.127.152.131","192.168.0.10","TCP","69","15152  >  49209 [PSH, ACK] Seq=23873 Ack=6705 Win=32530 Len=15"
"1145","0.001402","206.127.152.131","192.168.0.10","TCP","96","15152  >  49209 [PSH, ACK] Seq=23888 Ack=6742 Win=32493 Len=42"
"1147","0.681622","206.127.152.131","192.168.0.10","TCP","65","15152  >  49209 [PSH, ACK] Seq=23930 Ack=6742 Win=32493 Len=11"
"1148","0.000886","206.127.152.131","192.168.0.10","TCP","69","15152  >  49209 [PSH, ACK] Seq=23941 Ack=6742 Win=32493 Len=15"
"1153","0.001417","206.127.152.131","192.168.0.10","TCP","96","15152  >  49209 [PSH, ACK] Seq=23956 Ack=6779 Win=32456 Len=42"
"1155","0.661693","206.127.152.131","192.168.0.10","TCP","65","15152  >  49209 [PSH, ACK] Seq=23998 Ack=6779 Win=32456 Len=11"
"1156","0.000827","206.127.152.131","192.168.0.10","TCP","69","15152  >  49209 [PSH, ACK] Seq=24009 Ack=6779 Win=32456 Len=15"
"1161","0.001435","206.127.152.131","192.168.0.10","TCP","96","15152  >  49209 [PSH, ACK] Seq=24024 Ack=6816 Win=32419 Len=42"
"1163","0.639398","206.127.152.131","192.168.0.10","TCP","65","15152  >  49209 [PSH, ACK] Seq=24066 Ack=6816 Win=32419 Len=11"
"1164","0.001131","206.127.152.131","192.168.0.10","TCP","69","15152  >  49209 [PSH, ACK] Seq=24077 Ack=6816 Win=32419 Len=15"
"1169","0.002446","206.127.152.131","192.168.0.10","TCP","172","15152  >  49209 [PSH, ACK] Seq=24092 Ack=6830 Win=32405 Len=118"
"1176","0.020537","206.127.152.131","192.168.0.10","TCP","65","15152  >  49209 [PSH, ACK] Seq=24210 Ack=6844 Win=32391 Len=11"
"1185","0.000943","206.127.152.131","192.168.0.10","TCP","65","15152  >  49209 [PSH, ACK] Seq=24221 Ack=6954 Win=32281 Len=11"
"1186","0.015832","206.127.152.131","192.168.0.10","TCP","1506","15152  >  49209 [ACK] Seq=24232 Ack=6954 Win=32281 Len=1452"
"1188","0.015946","206.127.152.131","192.168.0.10","TCP","1506","15152  >  49209 [ACK] Seq=25684 Ack=6954 Win=32281 Len=1452"
"1189","0.008301","206.127.152.131","192.168.0.10","TCP","783","[TCP Previous segment not captured] 15152  >  49209 [PSH, ACK] Seq=28588 Ack=6954 Win=32281 Len=729"
"1193","0.011890","206.127.152.131","192.168.0.10","TCP","1072","15152  >  49209 [PSH, ACK] Seq=29317 Ack=6957 Win=32278 Len=1018"
"1194","0.001303","206.127.152.131","192.168.0.10","TCP","131","15152  >  49209 [PSH, ACK] Seq=30335 Ack=6960 Win=32275 Len=77"
"1196","0.001962","206.127.152.131","192.168.0.10","TCP","159","15152  >  49209 [PSH, ACK] Seq=30412 Ack=6994 Win=32241 Len=105"
"1203","0.010987","206.127.152.131","192.168.0.10","TCP","1019","15152  >  49209 [PSH, ACK] Seq=30517 Ack=7039 Win=32196 Len=965"
